YEAR,GEOGRAPHY_CODE,GVA,JOBS,HOUSEHOLDS
2020,E07000008,197.36907765172236,3.145410917115214,58.2132332823761
2021,E07000008,249.2279226099754,3.855715734386365,60.233381262284205
2022,E07000008,302.2926269342097,4.5504666087042125,7.34984511902243
2023,E07000008,356.41568294233,5.228887641027441,-5.45269412535462
2024,E07000008,411.9635388958495,5.89720621593915,-20.4523833151338
2025,E07000008,472.73577457471947,6.627653052596699,-23.426533129506197
2026,E07000008,538.088549723303,7.399462256503938,-32.507121554924694
2027,E07000008,607.7784105053879,8.231871372120963,-40.776343306397
2028,E07000008,681.443453340964,9.099121436323728,-44.9610832059402
2029,E07000008,758.026774647733,9.981457032728983,-45.29415697750711
2030,E07000008,836.6081770346054,10.862126346898066,-42.9194882725491
2031,E07000008,925.089838904014,11.8663812224342,-48.02308801048039
2032,E07000008,1014.3529309681253,12.836477217988588,-51.482507447044
2033,E07000008,1107.9279361422105,13.833673665190076,-42.78253784669221
2034,E07000008,1205.6937334998802,14.853233727513455,-39.9654934265127
2035,E07000008,1307.781089750767,15.89242446010256,-39.7213082332391
2036,E07000008,1414.1288962582885,16.948516870564077,-41.4375813059605
2037,E07000008,1524.8731700016724,18.020785980747036,-38.3717005459697
2038,E07000008,1640.4035386452697,19.113510889526395,-38.7592960908486
2039,E07000008,1760.6179416372988,20.221974836605284,-36.0308818519333
2040,E07000008,1885.6500371321226,21.34646526735426,-35.865766149814206
2041,E07000008,2015.9867177605192,22.49227389870454,-36.6430244158116
2042,E07000008,2151.271399515941,23.6526967861125,-36.6430244158116
2043,E07000008,2291.898585814245,24.83003439161331,-36.6430244158116
2044,E07000008,2438.181802818409,26.027591652981968,-36.6430244158116
2045,E07000008,2590.7708361452815,27.25167805402056,-36.6430244158116
2046,E07000008,2749.3460746082765,28.494607695989288,-36.6430244158116
2047,E07000008,2914.168380175425,29.75769937020216,-36.6430244158116
2048,E07000008,3085.514306057732,31.04227663180474,-36.6430244158116
2049,E07000008,3263.5103037594545,32.34666787475568,-36.6430244158116
2050,E07000008,3448.182873099193,33.669206408030036,-36.6430244158116
2020,E07000012,324.8973482265146,4.515728384582147,4456.94420248963
2021,E07000012,444.8237423854689,6.0286414739188245,4419.320109150471
2022,E07000012,571.4940252573751,7.563889296247282,4519.56555990391
2023,E07000012,706.5633662654491,9.147164895970121,4509.69324297882
2024,E07000012,849.8668461057259,10.768220330512136,4507.003006901071
2025,E07000012,1004.2446485661512,12.471868783831724,4488.51967355318
2026,E07000012,1167.1359763879173,14.196986756325373,4482.20412714567
2027,E07000012,1344.9450383360409,16.064516333895583,4493.14588477834
2028,E07000012,1535.430426798789,18.01546753905187,4488.74376837738
2029,E07000012,1737.7792998477298,20.026920767019277,4472.78297143481
2030,E07000012,1951.1775128875452,22.078029309937264,4459.60498130596
2031,E07000012,2181.044130107759,24.22802197234229,4462.9763519545795
2032,E07000012,2422.888102450557,26.41020578124487,4458.03851391134
2033,E07000012,2680.224393353479,28.669968794231053,4450.7259425638895
2034,E07000012,2953.972273485617,31.009783009143078,4435.98032225377
2035,E07000012,3244.9105619441616,33.42720737902283,4426.60031626993
2036,E07000012,3554.013042486683,35.924890936136194,4432.98000974012
2037,E07000012,3882.1092685520753,38.502576029033236,4414.18143201573
2038,E07000012,4230.5323026765545,41.16610167674473,4412.753853024679
2039,E07000012,4599.999905106262,43.91340704436311,4399.722632408821
2040,E07000012,4991.486322039505,46.74453504441031,4386.0430936449
2041,E07000012,5406.502820254799,49.666636068554894,4396.97483839266
2042,E07000012,5845.730820509494,52.67497185440702,4396.97483839266
2043,E07000012,6310.837176611292,55.776919492289636,4396.97483839266
2044,E07000012,6803.385318613851,58.976975577065076,4396.97483839266
2045,E07000012,7325.501418456596,62.285760510276816,4396.97483839266
2046,E07000012,7878.23780805216,65.69902295806092,4396.97483839266
2047,E07000012,8463.446894856159,69.22264447047667,4396.97483839266
2048,E07000012,9083.089652234163,72.86064426811282,4396.97483839266
2049,E07000012,9739.02538659266,76.6171842020372,4396.97483839266
2050,E07000012,10433.197929169799,80.49457389337864,4396.97483839266
2020,E07000009,74.26292079632867,1.4441184567747953,-89.7071800829893
2021,E07000009,102.4626151434561,1.9257342957782484,-80.91289556671529
2022,E07000009,131.16544902219266,2.395608597519626,-88.2485288490963
2023,E07000009,160.89436521312905,2.8659943402462957,-82.9852397466702
2024,E07000009,191.72569096063967,3.337150296712146,-82.09997152216341
2025,E07000009,225.20491116247263,3.8413411775479744,-78.1436545970777
2026,E07000009,259.2729171216738,4.331837778357041,-72.72558567372809
2027,E07000009,296.39657657764064,4.862917130635573,-78.0651018999757
2028,E07000009,335.9728400694298,5.417862656620365,-76.5676911115963
2029,E07000009,377.0408447315017,5.977964328168461,-74.45116103953029
2030,E07000009,418.78082649408543,6.527518829776923,-70.98269770692241
2031,E07000009,464.8746875910824,7.127829725853388,-69.1609986459913
2032,E07000009,512.2031990936584,7.725207632351307,-69.8945878139338
2033,E07000009,562.2236477852257,8.343970392886618,-70.0297294605799
2034,E07000009,614.9455006551007,8.982443259456183,-64.76592356409991
2035,E07000009,670.3899260724602,9.63695907788118,-63.215799781608105
2036,E07000009,728.5721599443655,10.305858478101968,-64.0537813496404
2037,E07000009,789.4519272805301,10.98749006945512,-60.411416815900004
2038,E07000009,853.3079356036587,11.684210641065619,-61.484798078183005
2039,E07000009,919.8952764533051,12.391385367492035,-59.315296614979495
2040,E07000009,989.4177388815497,13.11038801976543,-57.7853278008311
2041,E07000009,1061.915042469046,13.840601181967202,-60.5269202882739
2042,E07000009,1137.390952228729,14.581416473494144,-60.5269202882739
2043,E07000009,1215.9503936233418,15.33223477716436,-60.5269202882739
2044,E07000009,1297.8363484533438,16.095466473320236,-60.5269202882739
2045,E07000009,1383.410541095344,16.87453168009047,-60.5269202882739
2046,E07000009,1472.5757964942582,17.665860499976496,-60.5269202882739
2047,E07000009,1565.4013322189753,18.46989327293349,-60.5269202882739
2048,E07000009,1662.255582281703,19.289080836121045,-60.5269202882739
2049,E07000009,1763.2253988217335,20.122884790502987,-60.5269202882739
2050,E07000009,1868.3732656673078,20.970777774480702,-60.5269202882739
2020,E07000011,147.31014251062516,2.4020763921863875,4456.94420248963
2021,E07000011,195.84667891807658,3.107011011202374,4419.320109150471
2022,E07000011,244.63110347630573,3.7794474908381233,4519.56555990391
2023,E07000011,294.99607450530675,4.447677193258414,4509.69324297882
2024,E07000011,347.482309441275,5.119996903442157,4507.003006901071
2025,E07000011,405.19140041736955,5.855708938827902,4488.51967355318
2026,E07000011,463.8869623409437,6.563121261295123,4482.20412714567
2027,E07000011,527.8465615702789,7.334547591532399,4493.14588477834
2028,E07000011,596.6202268941934,8.154307525844914,4488.74376837738
2029,E07000011,668.3129338126973,8.983726655454902,4472.78297143481
2030,E07000011,741.8732735314588,9.804136688349686,4459.60498130596
2031,E07000011,824.5061320324994,10.73287557373311,4462.9763519545795
2032,E07000011,908.800285047254,11.64128762913819,4458.03851391134
2033,E07000011,997.8726352732692,12.581723670258683,4450.7259425638895
2034,E07000011,1092.039864542483,13.555541143559822,4435.98032225377
2035,E07000011,1190.9358312561462,14.552104261729568,4426.60031626993
2036,E07000011,1294.6998161802358,15.570784142032196,4432.98000974012
2037,E07000011,1403.327988089256,16.607958947628717,4414.18143201573
2038,E07000011,1516.9367776610434,17.663014031929308,4412.753853024679
2039,E07000011,1635.341275755577,18.731342086044094,4399.722632408821
2040,E07000011,1758.680727766401,19.811343289401236,4386.0430936449
2041,E07000011,1887.1292778258585,20.904425463601825,4396.97483839266
2042,E07000011,2020.5279888681916,22.006004229582558,4396.97483839266
2043,E07000011,2159.1945781217473,23.118503168159776,4396.97483839266
2044,E07000011,2303.339759405443,24.24235398402898,4396.97483839266
2045,E07000011,2453.4304853566236,25.38099667329621,4396.97483839266
2046,E07000011,2609.565502143714,26.53287969461931,4396.97483839266
2047,E07000011,2771.8474385460104,27.697460144038843,4396.97483839266
2048,E07000011,2940.654793101802,28.876203933579504,4396.97483839266
2049,E07000011,3116.323648247724,30.070585973706358,4396.97483839266
2050,E07000011,3299.1141460036406,31.281090359719997,4396.97483839266
2020,E07000099,51.827211512872964,0.8962718883087035,-127.027204717185
2021,E07000099,68.10106046817509,1.0828314848991667,-122.34737610831999
2022,E07000099,84.51400092783979,1.2593157716359826,-143.697689102424
2023,E07000099,101.17979880399844,1.4287597355623163,-135.558699454032
2024,E07000099,119.54792358726309,1.6201986997216196,-139.72328438523502
2025,E07000099,141.47379903715046,1.8626683265859114,-133.267234592706
2026,E07000099,160.75230083233828,2.0462046215203102,-130.98481362743
2027,E07000099,185.69091309001305,2.31484393628498,-134.620459838394
2028,E07000099,212.14269175238223,2.5936229725738897,-130.536236383489
2029,E07000099,240.09659047836794,2.883578785591709,-133.391523564097
2030,E07000099,268.76805084693797,3.1717487876687542,-127.66880454247699
2031,E07000099,299.56975815317674,3.480170751914443,-125.07630714129499
2032,E07000099,331.91091367793706,3.800882815909887,-126.642968333699
2033,E07000099,366.7574938005828,4.145923485439866,-126.360798777026
2034,E07000099,404.2067109153395,4.516331638264688,-125.56984546844102
2035,E07000099,443.1442638319895,4.891146527932335,-124.18923013758301
2036,E07000099,483.5758152019407,5.269407787631394,-121.565983489847
2037,E07000099,525.4929265018,5.651155434085226,-120.409915177986
2038,E07000099,568.8645973859875,6.0344298714876885,-121.948152697093
2039,E07000099,613.6038181760596,6.418271895481126,-119.51224389605301
2040,E07000099,659.5639525116603,6.79972269717662,-117.83550556889601
2041,E07000099,706.9872034496448,7.181823867217844,-119.673225245688
2042,E07000099,755.6769499254979,7.5616173998878935,-119.673225245688
2043,E07000099,805.6627767316359,7.94014569726032,-119.673225245688
2044,E07000099,857.0806075525052,8.317451573394749,-119.673225245688
2045,E07000099,909.982423350506,8.694578258577309,-119.673225245688
2046,E07000099,964.2677033826194,9.069569403606664,-119.673225245688
2047,E07000099,1020.0254794523471,9.443469084125866,-119.673225245688
2048,E07000099,1077.3434809200226,9.816321805000811,-119.673225245688
2049,E07000099,1136.1074442867712,10.18717250474559,-119.673225245688
2050,E07000099,1196.3576014431628,10.556066559995486,-119.673225245688
2020,E07000242,135.7379500949246,2.000706559432288,-184.965503559728
2021,E07000242,171.73724588803816,2.4219797270124985,-175.22755309019698
2022,E07000242,208.1685180128825,2.8306747044775307,-187.695726577854
2023,E07000242,245.50765525560928,3.234882950085975,-178.700925966371
2024,E07000242,284.33493327373617,3.6446971765266056,-178.18025595107702
2025,E07000242,325.32611456763243,4.072211369214514,-168.643596767855
2026,E07000242,365.33554981266843,4.452520804862715,-163.908729591613
2027,E07000242,410.87727450284456,4.910722070333122,-169.42033823978997
2028,E07000242,459.2717044678848,5.389913081771255,-163.495811137803
2029,E07000242,510.2600822046343,5.886193104028948,-163.038448394845
2030,E07000242,563.2247767582994,6.387662770379535,-158.718566848658
2031,E07000242,620.1706798301466,6.922424102530059,-159.387556759116
2032,E07000242,678.803146780806,7.455580530934512,-158.985490980567
2033,E07000242,740.6834855778252,8.012236915413894,-153.377241843201
2034,E07000242,805.7542239560053,8.589499566086005,-153.640548416681
2035,E07000242,873.563938609569,9.17647626461158,-153.141842148943
2036,E07000242,944.1028904174973,9.772276285760285,-153.74545761083002
2037,E07000242,1017.4090150664197,10.37601041930185,-148.381135269708
2038,E07000242,1093.573246977715,10.986790992227554,-146.75969390697
2039,E07000242,1172.366362908696,11.600731891306836,-145.28062930770798
2040,E07000242,1253.8217198365737,12.21694858598427,-141.199765014197
2041,E07000242,1338.200781150841,12.837558151621792,-144.961767372785
2042,E07000242,1425.2770997976377,13.459679293092151,-144.961767372785
2043,E07000242,1515.2894052511765,14.084432368728272,-144.961767372785
2044,E07000242,1608.2881048560448,14.71193941463423,-144.961767372785
2045,E07000242,1704.4706132030078,15.343324169363399,-144.961767372785
2046,E07000242,1803.7548621878377,15.975712098969439,-144.961767372785
2047,E07000242,1906.311590389908,16.611230422435582,-144.961767372785
2048,E07000242,2012.289635732377,17.250008137488337,-144.961767372785
2049,E07000242,2121.650572823666,17.890176046801145,-144.961767372785
2050,E07000242,2234.5099633729105,18.531866784594214,-144.961767372785
2020,E07000243,63.64744768360333,1.0723269942227063,-71.4286909805635
2021,E07000243,78.02953142816705,1.259953741431353,-62.8158011792982
2022,E07000243,92.24665216111589,1.4375213365961486,-73.2005194147166
2023,E07000243,106.68584780587389,1.6110660803019599,-75.7803553614347
2024,E07000243,122.94725623369504,1.8116246183101907,-70.9984599257459
2025,E07000243,141.93825602026482,2.0512339449483648,-73.0873415156134
2026,E07000243,159.03096015311394,2.240931406534095,-72.98579148285991
2027,E07000243,180.0511965402261,2.4927547048335086,-75.467178161169
2028,E07000243,201.79253661909206,2.7437419005550296,-77.06588058528051
2029,E07000243,224.7137838459107,3.003931416878281,-74.65451950207391
2030,E07000243,247.8825222993828,3.2573620430189223,-76.31497881633459
2031,E07000243,272.61746757362016,3.5220729378295275,-76.6723419087151
2032,E07000243,299.01344682348326,3.8041036334370872,-80.81858065079909
2033,E07000243,327.438007077571,4.107494038917324,-81.41754496614979
2034,E07000243,358.065898099469,4.4332844440063965,-79.2937797772446
2035,E07000243,389.5893109320259,4.758515522850018,-80.21418999781429
2036,E07000243,422.1470558374558,5.0852283377910865,-82.97102791002459
2037,E07000243,455.70830561630555,5.412464343195303,-82.2265860668252
2038,E07000243,490.24925915434596,5.739265389315996,-82.75474959598229
2039,E07000243,525.7825510877929,6.065673726198035,-80.6671599912657
2040,E07000243,562.2286066119409,6.390732007621523,-77.35993640532821
2041,E07000243,599.6725599041574,6.714483295085472,-77.883190390915
2042,E07000243,637.9645089770611,7.0359710618321785,-77.883190390915
2043,E07000243,677.4232538529873,7.358239196912294,-77.883190390915
2044,E07000243,717.8546478472754,7.67933200929145,-77.883190390915
2045,E07000243,759.4826500525414,8.00029423199863,-77.883190390915
2046,E07000243,802.148766866826,8.320171026316686,-77.883190390915
2047,E07000243,845.8340909191229,8.638007986015658,-77.883190390915
2048,E07000243,890.8134502976827,8.956851141629173,-77.883190390915
2049,E07000243,936.7645461308057,9.272746964774342,-77.883190390915
2050,E07000243,983.8970335863141,9.587742372515784,-77.883190390915
2020,E07000178,277.1928029926394,4.233279162253922,13.736902904567199
2021,E07000178,350.9486255265547,5.211609849431483,23.8249813496381
2022,E07000178,424.8259567735968,6.148039286997431,-3.4545098929875397
2023,E07000178,496.1980837252386,6.993786871804076,-15.0684227997385
2024,E07000178,567.7736202538754,7.799075070199905,-25.1652867438342
2025,E07000178,641.0070851147548,8.593129464074877,-33.561639834018806
2026,E07000178,722.2611734383945,9.478178797631244,-43.7714232801943
2027,E07000178,810.879287871745,10.447455024891667,-51.07604891898
2028,E07000178,904.9021501033521,11.455193357956176,-53.9184162480875
2029,E07000178,1003.3984958632318,12.48363231602076,-47.530324874426604
2030,E07000178,1103.0621807457464,13.479013775169392,-50.2757933173199
2031,E07000178,1219.6599878934576,14.681583018952779,-58.510906660843496
2032,E07000178,1336.2378518984096,15.826588789766134,-56.479647608645706
2033,E07000178,1457.9754490395098,16.994283341038738,-45.9975136929457
2034,E07000178,1584.7234938837428,18.178922490249363,-41.1081250928169
2035,E07000178,1716.8638943432143,19.38476567278019,-39.6060631578923
2036,E07000178,1853.7377921812913,20.598075996623237,-47.0817476304875
2037,E07000178,1995.9292476383853,21.826120297953423,-44.3437727014643
2038,E07000178,2144.2163684361803,23.077169197581867,-46.56676234986
2039,E07000178,2297.48237204599,24.33249715830391,-43.00682646866079
2040,E07000178,2456.258142023671,25.59738254315718,-43.079694431095895
2041,E07000178,2620.7453054392518,26.872107674603427,-43.5988140642107
2042,E07000178,2790.8658437048016,28.154958894649866,-43.5988140642107
2043,E07000178,2966.8295381812914,29.446226625925277,-43.5988140642107
2044,E07000178,3148.9388442659947,30.74720543372669,-43.5988140642107
2045,E07000178,3337.5231910547736,32.058194089051824,-43.5988140642107
2046,E07000178,3532.497062598013,33.377495632633725,-43.5988140642107
2047,E07000178,3734.2002848582524,34.70641743999502,-43.5988140642107
2048,E07000178,3942.8317247860978,36.04527128753605,-43.5988140642107
2049,E07000178,4158.5332070081095,37.39337341967638,-43.5988140642107
2050,E07000178,4381.170606578715,38.74604461706525,-43.5988140642107
2020,E07000180,124.67033006345719,1.7448982251484892,-143.091748067262
2021,E07000180,170.9237194467678,2.301698075273137,-130.754065079713
2022,E07000180,219.79577327711831,2.8727267425566794,-132.728735182353
2023,E07000180,271.41859311482676,3.46016695645946,-127.45304302249501
2024,E07000180,326.338331915822,4.071204715496407,-124.30731758025699
2025,E07000180,385.2339372893648,4.714029348341555,-116.523882245032
2026,E07000180,445.22538039202936,5.3358335760956805,-108.12959633107799
2027,E07000180,511.5033532597263,6.026813575739496,-114.07169443109801
2028,E07000180,581.3691762948329,6.737169044795522,-108.627785804762
2029,E07000180,654.1744250821293,7.456103267221039,-105.33374046735202
2030,E07000180,728.8584469642628,8.168823180556487,-99.3541747979891
2031,E07000180,808.8381179776188,8.912539444352944,-100.060632277791
2032,E07000180,890.8050690267773,9.64746650990348,-96.3996631578948
2033,E07000180,976.4751067861262,10.395822691303067,-94.494760253333
2034,E07000180,1066.304007965302,11.160830237862953,-94.71258894954978
2035,E07000180,1159.951349234375,11.936715407905197,-91.0686740336335
2036,E07000180,1257.3007194849679,12.719708543963947,-91.33301419524089
2037,E07000180,1358.7434206294165,13.513044149420395,-86.7438829438682
2038,E07000180,1464.2869608965348,14.314960966598903,-88.7875450535103
2039,E07000180,1573.9325620301315,15.123702056352727,-86.42527940598129
2040,E07000180,1687.946396998097,15.941514879167144,-84.33846499235729
2041,E07000180,1806.4804916327685,16.7676513778098,-88.12966621532921
2042,E07000180,1929.599486504393,17.602368061557726,-88.12966621532921
2043,E07000180,2057.5656644320507,18.44692609203136,-88.12966621532921
2044,E07000180,2190.58680234082,19.301591370665946,-88.12966621532921
2045,E07000180,2328.8135170059095,20.16563462785284,-88.12966621532921
2046,E07000180,2472.4754866985504,21.04033151378131,-88.12966621532921
2047,E07000180,2621.60638541971,21.92396269101485,-88.12966621532921
2048,E07000180,2776.5155818829026,22.81781392883441,-88.12966621532921
2049,E07000180,2937.212003185532,23.720176199382777,-88.12966621532921
2050,E07000180,3103.916543159412,24.63134577564479,-88.12966621532921
2020,E07000179,226.65847103922988,3.403916287678399,-86.0986655601663
2021,E07000179,295.3447390462179,4.305129645882644,-80.141838829441
2022,E07000179,366.10035743507524,5.199570705705085,-110.798062459051
2023,E07000179,439.9251765446197,6.103827544916086,-108.809438916793
2024,E07000179,516.6369019194935,7.011503760472209,-108.149492902382
2025,E07000179,599.0261831054622,7.965218891077399,-95.99527180606859
2026,E07000179,685.0875518129405,8.92560885137523,-94.97873789036998
2027,E07000179,777.9422475804186,9.949326378092906,-94.3867502948242
2028,E07000179,877.5403711485187,11.027041488467646,-89.28340895392179
2029,E07000179,981.9253366175535,12.124441951294884,-86.39142939506529
2030,E07000179,1089.4661001197455,13.215233770946313,-81.72090307927459
2031,E07000179,1207.701413891522,14.400141684717056,-84.27670810220441
2032,E07000179,1329.4448495992274,15.576909673869281,-78.45683179733591
2033,E07000179,1457.415355453285,16.782301488751656,-77.0917202882739
2034,E07000179,1592.0651972835913,18.019101188382592,-78.61031963310721
2035,E07000179,1733.5977251401391,19.28611369489755,-77.331771129066
2036,E07000179,1882.0199995729681,20.57916536327133,-81.24312697095729
2037,E07000179,2037.6464542398735,21.89910456673671,-77.6534754313142
2038,E07000179,2201.208668995787,23.251802298333487,-76.38526280847559
2039,E07000179,2372.6131491145934,24.632152789034365,-77.2395233893858
2040,E07000179,2552.2744621776656,26.042074142904625,-78.23254317536549
2041,E07000179,2740.907434772753,27.486508989767074,-84.456552435029
2042,E07000179,2938.2230317566555,28.958425155856077,-84.456552435029
2043,E07000179,3144.893186419934,30.461816352957413,-84.456552435029
2044,E07000179,3361.3636816957114,31.9977028865452,-84.456552435029
2045,E07000179,3588.465289355231,33.57113238344087,-84.45655243503091
2046,E07000179,3826.139307637257,35.17718053953381,-84.456552435029
2047,E07000179,4074.9088938965397,36.81695188811794,-84.456552435029
2048,E07000179,4335.099066071205,38.489580589414444,-84.456552435029
2049,E07000179,4607.271499307641,40.19623124186613,-84.456552435029
2050,E07000179,4891.618519357862,41.93409971580472,-84.456552435029
2020,E07000181,108.82312108866927,1.6693506906947277,-73.5054279100252
2021,E07000181,146.28136482955642,2.1640696501623466,-62.380143786854106
2022,E07000181,185.07376001466037,2.6563219896062833,-62.4080506660853
2023,E07000181,225.41165127535396,3.151333439201885,-62.7261374099121
2024,E07000181,268.38240941206004,3.666334736137209,-59.4264073378485
2025,E07000181,315.02997555281945,4.215561743073572,-58.9791220790547
2026,E07000181,362.0040593446183,4.738255569490875,-53.9398632015704
2027,E07000181,414.8442568616729,5.32966269598861,-57.266983358814706
2028,E07000181,471.89871535318343,5.956035101615548,-55.9545848438501
2029,E07000181,532.3179130246244,6.602630394302494,-52.316096265560205
2030,E07000181,594.762054365106,7.248711944475062,-53.4693222100904
2031,E07000181,663.3532840907196,7.9455490219244,-52.9153189779436
2032,E07000181,734.2536915695896,8.64241693601646,-50.417136492685394
2033,E07000181,809.2013038275404,9.361597179322345,-52.728756322339706
2034,E07000181,888.346464282331,10.103377574753544,-50.098532954792994
2035,E07000181,971.2343105450295,10.858052426289156,-49.96054894081821
2036,E07000181,1057.731114654704,11.621922673383253,-50.374242585715706
2037,E07000181,1148.0610461930282,12.396296049143494,-48.8225684210534
2038,E07000181,1242.4434767847906,13.182487242373782,-49.4432380869199
2039,E07000181,1340.7283387840853,13.976818063576573,-48.2365239571957
2040,E07000181,1443.205787616159,14.781617615012436,-45.870382354224006
2041,E07000181,1550.1131125036363,15.598222464916873,-49.5225659751052
2042,E07000181,1661.3860532412054,16.424976825977467,-49.5225659751052
2043,E07000181,1777.1783538286754,17.26223273817598,-49.5225659751052
2044,E07000181,1897.7059406149392,18.11035025610353,-49.5225659751052
2045,E07000181,2023.346912679508,18.97169764085931,-49.5225659751052
2046,E07000181,2154.0030076360827,19.843651556645852,-49.5225659751052
2047,E07000181,2289.6175525624512,20.72459727217685,-49.5225659751052
2048,E07000181,2430.5696089169987,21.615928867016585,-49.5225659751052
2049,E07000181,2576.997364418343,22.518049442972774,-49.5225659751052
2050,E07000181,2728.593884000633,23.42537134066717,-49.5225659751052
2020,E07000177,199.99608178898416,2.9244740385039023,-98.2510778772641
2021,E07000177,265.19651465733386,3.7817549291710435,-85.133811050447
2022,E07000177,330.4672380001075,4.604325581888233,-114.905541646648
2023,E07000177,397.7168822961339,5.423481723495939,-113.824408473468
2024,E07000177,467.21536358618687,6.242524796749379,-106.49110076435998
2025,E07000177,542.2633160873083,7.111762080499631,-105.317203057432
2026,E07000177,618.0793306363057,7.948506812528308,-98.53350583097179
2027,E07000177,701.2439463293922,8.862078315095886,-100.91024171216499
2028,E07000177,791.3419919908729,9.835802123265097,-99.22084193055001
2029,E07000177,884.9880899465197,10.818010116062581,-93.3549709543543
2030,E07000177,980.4410225488809,11.784040650542408,-94.96297567154829
2031,E07000177,1086.1786825075542,12.837238698818382,-94.65289923563842
2032,E07000177,1193.8443721768526,13.870955988131485,-89.9082129722638
2033,E07000177,1306.6736079669472,14.926551144021516,-92.2234503603433
2034,E07000177,1425.1218645791769,16.005389836674226,-89.1172596636786
2035,E07000177,1549.289440274224,17.108844930514678,-90.77358462546749
2036,E07000177,1678.6061374197334,18.224296637121583,-94.41207320375722
2037,E07000177,1813.422887627181,19.354132671537755,-86.80434784887359
2038,E07000177,1954.460112809721,20.504748412053587,-86.88135016379209
2039,E07000177,2101.1557473332505,21.66754706354277,-84.051902686174
2040,E07000177,2253.625997377714,22.841939824430682,-85.3909160952192
2041,E07000177,2412.598790365935,24.034346057378883,-84.74647390259909
2042,E07000177,2577.0084420710746,25.232193463768596,-84.74647390259909
2043,E07000177,2747.343184654299,26.43891826207158,-84.74647390259909
2044,E07000177,2923.846625803936,27.655965370195062,-84.74647390259909
2045,E07000177,3107.4451002054393,28.890788591892502,-84.74647390259909
2046,E07000177,3297.677988417963,30.136850807331683,-84.74647390259909
2047,E07000177,3494.572896535019,31.392624167915912,-84.74647390259909
2048,E07000177,3698.5181113074577,32.659590295453796,-84.74647390259909
2049,E07000177,3909.7601548183593,33.9382404857779,-84.74647390259909
2050,E07000177,4128.414722008118,35.22707591691308,-84.74647390259909
2020,E06000030,248.4284018101498,3.4756391472957944,-170.640230618044
2021,E06000030,321.85557837919623,4.243596257211635,-155.305917274505
2022,E06000030,395.6273384562937,4.972038975000089,-182.15750303560299
2023,E06000030,472.214997319762,5.7012313050283865,-178.083615461888
2024,E06000030,554.2321496635104,6.473442092290583,-177.88129058746998
2025,E06000030,642.920164309533,7.301945112848074,-167.545926184752
2026,E06000030,730.0346197477284,8.037019165968161,-165.74955003275699
2027,E06000030,831.3265309267645,8.955948167991266,-171.16425979471398
2028,E06000030,939.59128621118,9.92202124796097,-174.325230661717
2029,E06000030,1054.0951590387795,10.92153284504846,-171.119557108543
2030,E06000030,1173.3452701873648,11.926782807805978,-167.827837344394
2031,E06000030,1302.098804742056,12.997076495283494,-171.080539157026
2032,E06000030,1436.5534636758548,14.082724880043145,-173.864508757365
2033,E06000030,1578.4671412854987,15.206044653108137,-177.45467709106998
2034,E06000030,1728.107029560504,16.367358330881217,-167.77176518891198
2035,E06000030,1884.064746050928,17.539994364070623,-164.438443502945
2036,E06000030,2046.0330543620948,18.71528724866073,-164.193224721553
2037,E06000030,2214.603980523929,19.899577638966207,-160.90305533959
2038,E06000030,2390.644292913683,21.103212462808614,-156.554750120115
2039,E06000030,2573.6016064072883,22.31254503885529,-149.75890823324
2040,E06000030,2763.823965354397,23.529935196161006,-144.41887521293
2041,E06000030,2962.2740382824068,24.764749395954567,-147.04987377157101
2042,E06000030,3168.6332133594115,26.009360855711492,-147.04987377157101
2043,E06000030,3383.267875759542,27.264149675556382,-147.04987377157101
2044,E06000030,3606.335482119397,28.527502967038316,-147.04987377157101
2045,E06000030,3838.6290601061446,29.805814984325025,-147.04987377157101
2046,E06000030,4080.2619032799485,31.095487257859247,-147.04987377157101
2047,E06000030,4331.6677761075025,32.39892873052537,-147.04987377157101
2048,E06000030,4592.99646028081,33.71255589637292,-147.04987377157101
2049,E06000030,4864.849732881628,35.0397929419446,-147.04987377157101
2050,E06000030,5147.333043902418,36.37607189025826,-147.04987377157101
2020,E06000042,588.4253744313264,8.219933732800627,-301.573881633541
2021,E06000042,806.4990517310634,11.226299839824406,-295.02429211619204
2022,E06000042,1033.2795103660537,14.261338625968904,-350.47267717842004
2023,E06000042,1272.1380395516935,17.37699445325299,-343.20293513867597
2024,E06000042,1523.1582353495924,20.565255247189185,-337.262645817863
2025,E06000042,1787.8041331332624,23.859153494065794,-327.671464861325
2026,E06000042,2065.3350098495685,27.187767261535186,-324.37845311203
2027,E06000042,2364.6485794581567,30.73822124306281,-314.927840139775
2028,E06000042,2688.1806715662187,34.49968782680571,-309.73380144136297
2029,E06000042,3028.655203266613,38.36138818950286,-300.658897750598
2030,E06000042,3382.893716202867,42.27559341597342,-293.530498886217
2031,E06000042,3769.899831077413,46.443625644833986,-287.157911334351
2032,E06000042,4171.468080575996,50.663859241060294,-277.88920987115
2033,E06000042,4594.279918334187,55.011721996035135,-273.079665953265
2034,E06000042,5039.408333995456,59.49269635573668,-264.088224503165
2035,E06000042,5506.239493646772,64.08232067774242,-257.203752435029
2036,E06000042,5994.261089184587,68.76619051773508,-254.774045162701
2037,E06000042,6504.14158001804,73.54395994621703,-242.857807730953
2038,E06000042,7037.434598309097,78.42534289615514,-239.060663376277
2039,E06000042,7593.422904021476,83.39511454229668,-232.584200218387
2040,E06000042,8173.1787442755085,88.45911271291482,-224.16769215986199
2041,E06000042,8778.365748738943,93.62823933475732,-228.216773618699
2042,E06000042,9407.880511586518,98.88746191199934,-228.216773618699
2043,E06000042,10063.19175558757,104.24481504000872,-228.216773618699
2044,E06000042,10745.315104679376,109.70340195476342,-228.216773618699
2045,E06000042,11456.915844665426,115.28039611877409,-228.216773618699
2046,E06000042,12197.078348038136,120.96004284438595,-228.216773618699
2047,E06000042,12966.689402874646,126.7436609553616,-228.216773618699
2048,E06000042,13766.691971438268,132.63264448765744,-228.216773618699
2049,E06000042,14598.05577838196,138.62946443034213,-228.216773618699
2050,E06000042,15461.138895146894,144.72967050761494,-228.216773618699
2020,E06000055,216.57045081830893,3.372330450645677,-233.310554269493
2021,E06000055,278.19829128009314,4.310361151782303,-224.753478226687
2022,E06000055,340.71494887890094,5.227607144333362,-237.852398864381
2023,E06000055,405.2086362024729,6.147395941616679,-232.900736580038
2024,E06000055,472.33381391025523,7.078061796392618,-230.119092552963
2025,E06000055,543.7375350073144,8.047945852874918,-225.907220965275
2026,E06000055,616.6192177925477,8.996396302352181,-224.29068914610198
2027,E06000055,695.4456591417365,10.014768542508776,-223.27338003930902
2028,E06000055,778.7842200184159,11.065425340535086,-222.871314260756
2029,E06000055,866.1476088290738,12.13973700011978,-222.737722996289
2030,E06000055,956.4402842378977,13.217081532418419,-215.803380301375
2031,E06000055,1055.1763530183753,14.373844831096136,-215.20389919196097
2032,E06000055,1156.8496549728598,15.528420851543558,-212.977033588116
2033,E06000055,1263.5792729914492,16.712211794367448,-210.10830976196098
2034,E06000055,1375.5454045638999,17.925628293261553,-208.54914208342498
2035,E06000055,1492.330747603789,19.157089607363943,-201.656142913299
2036,E06000055,1614.1633685030974,20.407023818210504,-203.871380650797
2037,E06000055,1741.0516866897833,21.673868031397703,-197.823598165535
2038,E06000055,1873.4464248178028,22.96106858306905,-196.926185280633
2039,E06000055,2011.1676346253125,24.2640812513434,-192.896483599029
2040,E06000055,2154.4096758005435,25.58237147280694,-184.86679589431301
2041,E06000055,2303.699479141529,26.921414564191394,-187.55748416684298
2042,E06000055,2458.6565916462614,28.274695949366418,-187.55748416684298
2043,E06000055,2619.632997164941,29.644711391776312,-187.55748416684298
2044,E06000055,2787.0286308157265,31.03296723245414,-187.55748416684298
2045,E06000055,2961.3809102845935,32.44398063374979,-187.55748416684298
2046,E06000055,3142.526824814804,33.873279828912274,-187.55748416684298
2047,E06000055,3330.8189652547835,35.322404377670566,-187.55748416684298
2048,E06000055,3526.4774232115515,36.791905427957886,-187.55748416684298
2049,E06000055,3729.741928150179,38.28134598393302,-187.55748416684298
2050,E06000055,3940.799250660789,39.7913011804505,-187.55748416684298
2020,E07000004,298.0899141942191,4.070587474708688,8462.95948967024
2021,E07000004,392.860931505621,5.330227009362446,8425.335396331078
2022,E07000004,491.1934466153798,6.592399469664983,8525.58084708452
2023,E07000004,594.8898269863485,7.8848000331500145,8515.70853015943
2024,E07000004,704.9608967155837,9.220142494088307,8513.01829408168
2025,E07000004,822.7364247394999,10.617159795967325,8494.53496073379
2026,E07000004,942.4397844906371,11.966604579649584,8488.219414326271
2027,E07000004,1072.195688618467,13.410249747677355,8499.161171958951
2028,E07000004,1210.2657164031543,14.90688904520529,8494.75905555799
2029,E07000004,1355.0564485267241,16.430337658056274,8478.79825861542
2030,E07000004,1504.925705081353,17.95543282841048,8465.62026848657
2031,E07000004,1665.5123002047812,19.54203448865502,8468.99163913518
2032,E07000004,1834.5912561212172,21.174025913933548,8464.05380109194
2033,E07000004,2013.341497449327,22.860314393955406,8456.741229744499
2034,E07000004,2202.3472474508735,24.603831924637802,8441.99560943438
2035,E07000004,2400.9488227603524,26.385535920172956,8432.61560345054
2036,E07000004,2609.2453882104082,28.202409946129364,8438.99529692073
2037,E07000004,2827.6222641159447,30.054464474215237,8420.196719196329
2038,E07000004,3056.796108383297,31.9457376593505,8418.76914020529
2039,E07000004,3296.733515503709,33.87129613971234,8405.73791958943
2040,E07000004,3548.031421082319,35.83423586044164,8392.05838082552
2041,E07000004,3811.2139420205976,37.835682921714834,8402.990125573271
2042,E07000004,4086.3846412639687,39.873794451910015,8402.990125573271
2043,E07000004,4374.010445265346,41.94875950661606,8402.990125573271
2044,E07000004,4674.842552945718,44.06379999425617,8402.990125573271
2045,E07000004,4989.682455300741,46.2211716291214,8402.990125573271
2046,E07000004,5318.734159681906,48.41916491263231,8402.990125573271
2047,E07000004,5662.767922455834,50.660106143671825,8402.990125573271
2048,E07000004,6022.2349462225375,52.94335845885867,8402.990125573271
2049,E07000004,6397.948914818251,55.271322903654976,8402.990125573271
2050,E07000004,6790.432398109497,57.64343953522919,8402.990125573271
2020,E06000032,188.7362764880845,2.830601499564125,-140.138786809345
2021,E06000032,237.8310874701474,3.5348394764985756,-122.58716855208701
2022,E06000032,285.85971758731193,4.198673711565078,-192.87400305743301
2023,E06000032,334.1140689260228,4.844291802417928,-187.81381402052898
2024,E06000032,381.5141153465902,5.446883604237357,-180.42107499454102
2025,E06000032,432.5849101441063,6.088641256908218,-177.45803625245702
2026,E06000032,475.75679304933055,6.564759212525928,-170.749274164664
2027,E06000032,526.5759138713074,7.147434263234004,-174.37251731819
2028,E06000032,583.5167390437591,7.810865569396469,-180.98205494649702
2029,E06000032,641.8422872492001,8.470254688109947,-174.589570823325
2030,E06000032,698.3579638152996,9.070805602058925,-171.728598908059
2031,E06000032,763.0726663358846,9.779724748718692,-172.375625070974
2032,E06000032,827.8699441118342,10.461221049910023,-180.587999475867
2033,E06000032,896.1313802761188,11.170505941709635,-182.869903647085
2034,E06000032,967.6583850917241,11.902793404721265,-180.00247180607
2035,E06000032,1041.7245615611228,12.643299994711072,-173.977169862421
2036,E06000032,1117.9700628717546,13.386244873611986,-174.298357370601
2037,E06000032,1196.4089534166897,14.130849840901874,-175.02677859794701
2038,E06000032,1277.052265782716,14.875339365359068,-177.01333496396902
2039,E06000032,1359.6335265445923,15.615940617201318,-170.029638436334
2040,E06000032,1444.101022856732,16.350883500610436,-163.317000393104
2041,E06000032,1530.656442548574,17.082400686650516,-162.482119589427
2042,E06000032,1618.9895640253162,17.80672764658064,-162.482119589427
2043,E06000032,1709.118268915101,18.52310268557082,-162.482119589427
2044,E06000032,1801.1758526969243,19.23276697682249,-162.482119589427
2045,E06000032,1895.3470512025706,19.937964596100954,-162.482119589427
2046,E06000032,1991.3394937925532,20.633942556683266,-162.482119589427
2047,E06000032,2089.221678653752,21.320950844727406,-162.482119589427
2048,E06000032,2188.8281841386597,21.997242455067237,-162.482119589427
2049,E06000032,2290.293173724409,22.66307342743886,-162.482119589427
2050,E06000032,2393.285025502719,23.314702883143184,-162.482119589427
2020,E06000056,331.66057888806426,4.991564824847558,4456.94420248963
2021,E06000056,439.27117534494937,6.623413961214894,4419.320109150471
2022,E06000056,549.2225520866996,8.23059221430131,4519.56555990391
2023,E06000056,662.7523146315925,9.838778802950756,4509.69324297882
2024,E06000056,782.2916567098891,11.491667124001438,4507.003006901071
2025,E06000056,908.6376828548518,13.200965068280382,4488.51967355318
2026,E06000056,1036.7773114228403,14.854395343970879,4482.20412714567
2027,E06000056,1177.3808566632988,16.66369580753073,4493.14588477834
2028,E06000056,1325.2938045297387,18.517619802341926,4488.74376837738
2029,E06000056,1481.247354056236,20.426936505278377,4472.78297143481
2030,E06000056,1643.2755137854565,22.35743128138178,4459.60498130596
2031,E06000056,1819.4302732786255,24.409906046840902,4462.9763519545795
2032,E06000056,2001.1227285402665,26.46317964047398,4458.03851391134
2033,E06000056,2192.07262211908,28.57208820391915,4450.7259425638895
2034,E06000056,2392.504285270459,30.735485570743236,4435.98032225377
2035,E06000056,2602.168608610051,32.93924366468255,4426.60031626993
2036,E06000056,2820.9800133966637,35.17725290723723,4432.98000974012
2037,E06000056,3049.0764144984587,37.447422634844074,4414.18143201573
2038,E06000056,3287.1739311216816,39.755681525859,4412.753853024679
2039,E06000056,3535.236300211942,42.09597803758638,4399.722632408821
2040,E06000056,3793.286498608353,44.46628085359703,4386.0430936449
2041,E06000056,4062.3072668021923,46.87457934158435,4396.97483839266
2042,E06000056,4341.619575106837,49.30888402201268,4396.97483839266
2043,E06000056,4631.937346629575,51.774227047818755,4396.97483839266
2044,E06000056,4933.812525668329,54.27266269543401,4396.97483839266
2045,E06000056,5249.007739542067,56.82126786740119,4396.97483839266
2046,E06000056,5576.833438857346,59.40614260686556,4396.97483839266
2047,E06000056,5917.491652535564,62.02541062422972,4396.97483839266
2048,E06000056,6271.874812789456,64.68421983626408,4396.97483839266
2049,E06000056,6640.308046043623,67.38174291797691,4396.97483839266
2050,E06000056,7022.959038779325,70.11517786755246,4396.97483839266
2020,E07000154,206.84351340241847,4.137636963641455,-224.683711028611
2021,E07000154,269.95328819922725,5.357192974286249,-213.18323441799802
2022,E07000154,332.90550096960123,6.535790820228186,-229.655269884254
2023,E07000154,396.6381094930366,7.689620208809913,-226.22530770909802
2024,E07000154,463.17852375843995,8.865873031903362,-226.625823105485
2025,E07000154,532.3001527704755,10.060743391943106,-220.17416606246002
2026,E07000154,601.6515166616991,11.207427628279476,-223.518598820704
2027,E07000154,677.7283980725306,12.457124343856663,-223.40076977506
2028,E07000154,758.0448802808742,13.74003443221909,-225.47569792531502
2029,E07000154,841.843356285478,15.044361104851106,-213.17444891897702
2030,E07000154,928.3774382817091,16.3563099188531,-210.409600698843
2031,E07000154,1023.7384317935039,17.770088804959443,-212.19796654291
2032,E07000154,1120.6664254418447,19.16490809590175,-212.90209844943803
2033,E07000154,1221.8824958179202,20.588980555122276,-212.578068573931
2034,E07000154,1326.855668174514,22.019521405841658,-199.045040925966
2035,E07000154,1436.26824660268,23.488748360485914,-196.643240532868
2036,E07000154,1549.5251150620115,24.971881650476718,-198.302666259007
2037,E07000154,1666.3051237527507,26.462144056389747,-187.60657960253502
2038,E07000154,1787.2291650281059,27.968760938486042,-188.025699585058
2039,E07000154,1911.6247785173346,29.4779602676212,-179.74149080585602
2040,E07000154,2039.574314649908,30.989972656536168,-174.46321467569
2041,E07000154,2171.608422868523,32.51003139153602,-178.893173356632
2042,E07000154,2307.0189400710133,34.028372464560704,-178.893173356632
2043,E07000154,2446.188149470039,35.54923460565249,-178.893173356632
2044,E07000154,2588.918194047488,37.06885931582636,-178.893173356632
2045,E07000154,2735.851774885192,38.594490900347154,-178.893173356632
2046,E07000154,2886.526364194531,40.1193765024197,-178.893173356632
2047,E07000154,3040.9717891898144,41.64276613729638,-178.893173356632
2048,E07000154,3199.2129858870558,43.163912726807865,-178.893173356632
2049,E07000154,3361.3126933064887,44.68307213432249,-178.893173356632
2050,E07000154,3526.8418814077068,46.193503200139844,-178.893173356632
2020,E07000151,75.2291315981131,1.3904439375058857,-84.0733496396588
2021,E07000151,99.94758310816223,1.8443777291732033,-80.1870583096738
2022,E07000151,124.97852691023854,2.2868854145311417,-84.1343313387209
2023,E07000151,150.91996265996977,2.7320709273425052,-82.925033238697
2024,E07000151,177.65489930110425,3.1750396853468246,-80.683955798211
2025,E07000151,206.1917669686236,3.638898612291456,-77.8775056562556
2026,E07000151,233.5026047964884,4.050756160301361,-75.7170480891057
2027,E07000151,264.14859573383274,4.518722332593107,-72.25995422581092
2028,E07000151,296.9399532017851,5.009908706538745,-71.3876058528084
2029,E07000151,330.7135184292929,5.499428457084889,-69.27856929460499
2030,E07000151,364.85452000433315,5.975396380532601,-65.8305193273639
2031,E07000151,402.35848418763726,6.4889289186840315,-66.5563565844091
2032,E07000151,440.54423335769025,6.993144183361537,-60.243717143477404
2033,E07000151,480.70475869982147,7.5121619813050415,-59.6935898667849
2034,E07000151,522.71156233184,8.042103839453887,-60.518134789254894
2035,E07000151,566.5860336086621,8.581093030619172,-58.969561388950396
2036,E07000151,612.1678303330164,9.125254599552818,-60.089454116618995
2037,E07000151,659.5857185744549,9.675715389419615,-55.748125616948606
2038,E07000151,708.9864225400138,10.233604068678723,-53.9359872461218
2039,E07000151,760.2792702472561,10.796051158381175,-54.845286394411296
2040,E07000151,813.4386709361906,11.362189059889921,-52.889996069008205
2041,E07000151,868.5953111568906,11.933152083029213,-56.72305761083221
2042,E07000151,925.7439522745481,12.50807647467019,-56.72305761083221
2043,E07000151,984.9487963004749,13.087100447759468,-56.72305761083221
2044,E07000151,1046.2294223534377,13.6693642107981,-56.72305761083221
2045,E07000151,1109.825671070484,14.257009997777793,-56.72305761083221
2046,E07000151,1175.5706819698153,14.847182098581747,-56.72305761083221
2047,E07000151,1243.6470603252542,15.441026889857767,-56.72305761083221
2048,E07000151,1314.0770275796735,16.03769286637089,-56.72305761083221
2049,E07000151,1386.8893946153548,16.63733067284329,-56.72305761083221
2050,E07000151,1462.0811470053923,17.238093136289457,-56.72305761083221
2020,E07000156,66.30187931617343,1.247189617360732,-65.6194089539192
2021,E07000156,84.89280114016196,1.5784508792264944,-65.84912391351999
2022,E07000156,103.44700398188661,1.8950713901895995,-68.81707219917119
2023,E07000156,122.2259263434612,2.203094493705933,-65.3137252675255
2024,E07000156,141.1880263172834,2.5005641884082905,-65.2633378466895
2025,E07000156,161.6589499372733,2.8175251387681257,-61.507537016816904
2026,E07000156,181.3351804405661,3.1000226859359685,-65.86979567591021
2027,E07000156,203.40975485904482,3.4211028587633194,-65.641889495524
2028,E07000156,227.0251150912468,3.7578123850094514,-64.4064932954796
2029,E07000156,251.32574482843256,4.093198702735947,-61.691257305090105
2030,E07000156,275.9808124924057,4.421309971892313,-58.9411377156591
2031,E07000156,302.6666907229064,4.768195086095687,-60.368522908930295
2032,E07000156,329.73510350962124,5.1069036846084686,-60.5183931862858
2033,E07000156,358.0096333638098,5.452486164516365,-57.045795501200196
2034,E07000156,387.44221352247223,5.802993693111105,-56.87215269709479
2035,E07000156,418.0881475807123,6.158478220480774,-55.6866271238266
2036,E07000156,449.8171129308157,6.515992492311369,-58.3093569775068
2037,E07000156,482.606005198465,6.874590062903344,-57.81788582659821
2038,E07000156,516.5606764707704,7.235325308406587,-54.829782572614796
2039,E07000156,551.4572969992428,7.594253440277505,-55.356137322557494
2040,E07000156,587.3047783050501,7.951430518962326,-52.2277244813305
2041,E07000156,624.207136472553,8.307913467809897,-53.3248782703634
2042,E07000156,662.0174155878703,8.661760087218411,-53.3248782703634
2043,E07000156,700.7501554735554,9.013029069019595,-53.3248782703634
2044,E07000156,740.5192420803128,9.36278001110476,-53.3248782703634
2045,E07000156,781.3047371342082,9.710073432296504,-53.3248782703634
2046,E07000156,823.161517208162,10.055970787470358,-53.3248782703634
2047,E07000156,866.065379566402,10.399534482930697,-53.3248782703634
2048,E07000156,910.0326466818333,10.740827892044976,-53.3248782703634
2049,E07000156,955.1501886993933,11.080915371141124,-53.3248782703634
2050,E07000156,1001.3071593368563,11.417862275671872,-53.3248782703634
2020,E07000155,54.66078545606183,1.164198342679832,-91.62681161825729
2021,E07000155,73.25054425749295,1.5414559940829093,-90.7503288927722
2022,E07000155,92.12430493270631,1.9120273365036127,-108.52675256606199
2023,E07000155,111.82500533729285,2.2890620165394395,-101.96372640314699
2024,E07000155,132.57373833060205,2.677712214390631,-100.77613365363399
2025,E07000155,154.7100589971526,3.08613268886824,-95.00664476959949
2026,E07000155,176.79413006638083,3.474480823234501,-92.09321825726231
2027,E07000155,201.78810850273112,3.9159166718914946,-97.49707534396249
2028,E07000155,228.19094134802822,4.371603007934112,-92.1764221008963
2029,E07000155,255.93810562474005,4.83970537158396,-88.1407772876157
2030,E07000155,284.4629268024362,5.308392119520995,-83.9759339593811
2031,E07000155,317.07714677422155,5.838834475130135,-84.2431164883156
2032,E07000155,350.4016314461296,6.366206579680025,-79.7007550993665
2033,E07000155,385.49126348729715,6.910685544452193,-79.5849932299636
2034,E07000155,422.39717553796436,7.47145150383858,-76.2072272548598
2035,E07000155,460.7406531500824,8.039687669425874,-74.61860231491441
2036,E07000155,500.6117014896545,8.61558038508575,-75.8788046298342
2037,E07000155,542.0269607475348,9.198319183090184,-70.7883831404212
2038,E07000155,585.1242050802639,9.790096841271364,-70.9134473029068
2039,E07000155,629.7663790566162,10.387109441246636,-69.9274042367317
2040,E07000155,676.1173509029181,10.99155642772827,-66.8780608866573
2041,E07000155,724.2874089616903,11.604640668939545,-69.52508006114739
2042,E07000155,774.2084721003953,12.224568518157845,-69.52508006114739
2043,E07000155,825.9371934495443,12.851549876406594,-69.52508006114739
2044,E07000155,879.5617739165677,13.485798256318432,-69.52508006114739
2045,E07000155,935.210730943114,14.12853084719135,-69.52508006114739
2046,E07000155,992.8914936211982,14.778968581261651,-69.52508006114739
2047,E07000155,1052.6699981691931,15.437336201216482,-69.52508006114739
2048,E07000155,1114.4824793896482,16.101862328969844,-69.52508006114739
2049,E07000155,1178.538499399382,16.77477953572682,-69.52508006114739
2050,E07000155,1244.7055644550496,17.453324413360384,-69.52508006114739
